session_id,participant_id,start_time,end_time,has_comprehensive_pre,has_research_pre,has_research_post,has_exit_questionnaire,num_analysis_sessions,num_interactions,res_pre_technologyComfort,res_pre_age,res_pre_factOpinionConfidence,res_pre_factOpinionAccuracy,res_pre_biasDetectionConfidence,res_pre_automationPreference,res_pre_aiTrustLevel,res_pre_mentalEffortNews,res_pre_generalMediaTrust,res_pre_newsEmotionalImpact,res_pre_sessionId,res_pre_biasDetectionMethods,res_pre_education,res_pre_automationConcerns,res_pre_successMetrics,exit_easierTask,exit_betterUnderstanding,exit_moreControl,exit_timeSaving,exit_lessMentalDemand,exit_moreTrust,exit_biasNoticed,exit_personnelInfluence,exit_personnelInfluenceDifference,exit_futurePreference,exit_additionalComments,exit_biasDescription,exit_sessionId,res_pre_profession,res_pre_learningStyle,res_pre_cognitiveStyle,res_pre_factOpinionMethods,res_pre_factOpinionChallenges,res_pre_mediaLiteracyTraining,res_pre_newsEvaluationProcess,res_pre_informationVerificationFrequency,res_pre_aiExperienceLevel,res_pre_informationProcessingStyle,res_pre_cognitiveLoadFactors,res_pre_preferredInformationPresentation,res_pre_learningMechanismsPreference,res_pre_mostTrustworthy,res_pre_secondTrustworthy,res_pre_thirdTrustworthy,res_pre_fourthTrustworthy,res_pre_leastTrustworthy,res_pre_newsConsumptionFrequency,res_pre_newsSourceTypes,res_pre_aiExpectations,res_pre_additionalComments
session_1756135869711_br0xt3v1l,,2025-08-25T17:31:09.720910,,False,True,False,False,0,0,1.0,65+,1.0,0.0,1.0,1.0,1.0,0.0,1.0,1.0,session_1756135869711_br0xt3v1l,,,,,,,,,,,,,,,,,,,,,,,,,,,,,,,,,,,,,,,
session_1756136083415_55ikx6xrr,,2025-08-25T17:34:43.425426,,False,True,False,False,0,0,,55-64,,,,,,,,,session_1756136083415_55ikx6xrr,['multipleOutlets'],,,,,,,,,,,,,,,,,,,,,,,,,,,,,,,,,,,,,,
session_1756136313290_pypu2set1,,2025-08-25T17:38:33.304187,,False,True,False,False,0,0,5.0,35-44,5.0,100.0,5.0,5.0,5.0,100.0,3.0,5.0,session_1756136313290_pypu2set1,['multipleOutlets'],someCollege,['noConcerns'],['confidenceBoost'],,,,,,,,,,,,,,,,,,,,,,,,,,,,,,,,,,,
session_1756136428583_r12618prk,,2025-08-25T17:40:28.593386,,False,True,False,False,0,0,5.0,,,,,,,,,,session_1756136428583_r12618prk,,,,,,,,,,,,,,,,,,,,,,,,,,,,,,,,,,,,,,,
exit_1756136902439_y582cefg,,2025-08-25T17:48:22.453956,2025-08-25T17:48:22.456170,False,False,False,True,0,1,,,,,,,,,,,,,,,,task2,equal,equal,task2,task2,equal,task2,5.0,no_difference,task2,no,nope,exit_1756136902439_y582cefg,,,,,,,,,,,,,,,,,,,,,,
session_1756149833206_q23asgx6z,,2025-08-25T21:23:53.231333,,False,True,False,False,0,1,4.0,25-34,3.0,75.0,4.0,4.0,4.0,25.0,4.0,5.0,session_1756149833206_q23asgx6z,"['languageTone', 'multipleOutlets']",someCollege,['bias'],"['learningImprovement', 'timeEfficiency', 'comprehensiveness']",,,,,,,,,,,,,,Student,textual,analytical,"['crossReference', 'evidenceCheck']",evidence that it is actually a fact,none,no I dont have any such,rarely,extensive,skimming,['informationVolume'],"['comparisons', 'visualAids']",['realtimeFeedback'],cnn,bbc,guardian,reuters,dailymail,fewTimes,"['socialMedia', 'podcasts']",reduce my own bias ,no
c4b639e4-acef-4791-ba19-cdec59b27e76,,2025-08-25T21:36:54.576093,,False,False,False,False,0,1,,,,,,,,,,,,,,,,,,,,,,,,,,,,,,,,,,,,,,,,,,,,,,,,,,
exit_1756150629195_ynu2fwi93,,2025-08-25T21:37:09.203413,2025-08-25T21:37:09.206057,False,False,False,True,0,1,,,,,,,,,,,,,,,,equal,equal,equal,equal,equal,equal,no_difference,3.0,no_difference,equal,,,exit_1756150629195_ynu2fwi93,,,,,,,,,,,,,,,,,,,,,,
session_1755944984223_g1z86z93r,,2025-08-25T22:54:34.563168,,False,False,False,False,0,1,,,,,,,,,,,,,,,,,,,,,,,,,,,,,,,,,,,,,,,,,,,,,,,,,,
